i,U,K,Px,Py,Pz
0,-59283257.15190534,29641792.331493672,-5305.688953275851,8574.259819912011,-4676.433495417588
1,-59282426.67111618,29643779.039007295,-5305.688953275814,8574.259819911887,-4676.433495417629
2,-59281256.77832475,29645033.691570688,-5305.688953275876,8574.259819911902,-4676.433495417499
3,-59279873.566625275,29647994.19456435,-5305.688953275899,8574.259819911935,-4676.433495417557
4,-59278624.54663326,29653992.81778955,-5305.6889532758305,8574.259819911995,-4676.433495417626
5,-59277047.53133837,29661997.119647,-5305.688953275902,8574.259819911926,-4676.433495417588
6,-59275096.761163786,29662412.74347441,-5305.68895327579,8574.259819911998,-4676.433495417688
7,-59273092.12804699,29662324.73936561,-5305.68895327581,8574.259819911918,-4676.433495417619
8,-59271251.76240656,29662088.21391327,-5305.688953275839,8574.259819912018,-4676.4334954177075
9,-59268524.105995566,29661361.17110264,-5305.688953275886,8574.259819911851,-4676.433495417592
10,-59265802.7385314,29659979.60478258,-5305.688953275878,8574.25981991191,-4676.43349541752
11,-59263163.10589345,29660275.35143514,-5305.68895327594,8574.259819911935,-4676.433495417672
12,-59260146.628166094,29662433.072318804,-5305.688953275832,8574.25981991168,-4676.433495417702
13,-59256731.259310685,29660417.205348797,-5305.688953275805,8574.25981991203,-4676.433495417558
14,-59253350.51510101,29658163.018848963,-5305.688953275907,8574.259819911951,-4676.433495417704
15,-59250115.50293043,29655702.184190035,-5305.688953275832,8574.259819911971,-4676.4334954176575
16,-59245860.41026343,29653579.56125009,-5305.688953275944,8574.259819912104,-4676.4334954176875
17,-59241795.17833469,29651404.928848248,-5305.6889532758305,8574.259819912004,-4676.43349541756
18,-59237851.21382666,29651719.036244188,-5305.688953275867,8574.259819912031,-4676.433495417525
19,-59233723.513064705,29649041.67168162,-5305.688953275885,8574.259819911913,-4676.433495417638
20,-59229612.31667397,29650909.484608427,-5305.688953275843,8574.259819912048,-4676.433495417566
21,-59225075.12499643,29658893.092254803,-5305.688953275795,8574.25981991179,-4676.4334954176165
22,-59220593.89777753,29655087.017646663,-5305.688953275828,8574.25981991206,-4676.433495417609
23,-59215743.06527938,29651842.484486774,-5305.688953275787,8574.259819912075,-4676.4334954176475
24,-59210767.49972001,29652191.929411825,-5305.688953275952,8574.259819911991,-4676.433495417686
25,-59205141.701706745,29657999.065171678,-5305.688953275867,8574.259819911918,-4676.433495417474
26,-59199756.26121349,29654119.020595774,-5305.688953275794,8574.259819911831,-4676.43349541757
27,-59194180.996792436,29657179.890200496,-5305.688953275848,8574.259819911875,-4676.433495417648
28,-59188235.85343286,29673595.4056125,-5305.688953275806,8574.259819912246,-4676.43349541758
29,-59181970.416251004,29668381.064629797,-5305.688953275872,8574.259819911873,-4676.433495417733
30,-59175872.4850954,29664173.327154312,-5305.688953275825,8574.25981991197,-4676.433495417761
31,-59169644.16826211,29659644.816000596,-5305.688953275805,8574.259819912004,-4676.433495417581
32,-59162581.82835021,29655450.48701854,-5305.688953275874,8574.259819911938,-4676.43349541753
33,-59156378.259101465,29650715.659988977,-5305.688953275906,8574.259819911913,-4676.433495417658
34,-59149883.74848246,29646432.601729505,-5305.688953275883,8574.259819911977,-4676.433495417661
35,-59143454.32713536,29643436.692385763,-5305.68895327583,8574.259819911897,-4676.433495417649
36,-59137171.56680918,29639323.56294017,-5305.68895327593,8574.25981991203,-4676.433495417724
37,-59130719.94204589,29635118.633481137,-5305.68895327591,8574.259819912078,-4676.433495417713
38,-59124625.69100503,29629631.120923806,-5305.688953275856,8574.259819912042,-4676.433495417653
39,-59118210.5829079,29624736.317435905,-5305.688953275954,8574.259819911924,-4676.433495417576
40,-59111980.01630815,29619872.872043032,-5305.688953275885,8574.259819911811,-4676.433495417679
41,-59105597.189834334,29614771.60768575,-5305.688953275972,8574.259819912022,-4676.433495417676
42,-59099533.8459302,29609375.15516298,-5305.688953275834,8574.25981991185,-4676.433495417527
43,-59093733.18522666,29603402.216405824,-5305.688953275775,8574.25981991192,-4676.433495417633
44,-59087573.92738885,29598787.373041794,-5305.688953275846,8574.259819911862,-4676.433495417623
45,-59081541.067890584,29596946.333447047,-5305.688953275909,8574.259819911777,-4676.4334954176165
46,-59075510.42105165,29610101.27245483,-5305.688953275777,8574.259819911837,-4676.433495417629
47,-59069713.07836029,29652074.17882324,-5305.688953275839,8574.25981991201,-4676.433495417481
48,-59064128.70045058,29648401.11658627,-5305.688953275772,8574.25981991213,-4676.433495417589
49,-59057859.09967022,29644326.909243874,-5305.688953275882,8574.259819911997,-4676.4334954175865
50,-59051952.43367946,29639098.80244236,-5305.688953275822,8574.259819911924,-4676.433495417581
51,-59045274.37229571,29634537.707623266,-5305.688953275865,8574.25981991193,-4676.433495417615
52,-59038805.52136715,29629941.105281662,-5305.688953275745,8574.259819911826,-4676.4334954175065
53,-59032326.357049055,29624819.171378553,-5305.688953275853,8574.259819912073,-4676.433495417643
54,-59026232.57948554,29627618.3882859,-5305.68895327584,8574.259819911793,-4676.433495417647
55,-59020374.94657323,29651372.002549175,-5305.688953275866,8574.259819911873,-4676.433495417662
56,-59014129.317625485,29648419.322004586,-5305.688953275861,8574.25981991189,-4676.433495417602
57,-59007660.27546624,29644203.01716032,-5305.688953275821,8574.259819911798,-4676.43349541769
58,-59001258.76645092,29640589.367278326,-5305.688953275773,8574.259819911802,-4676.4334954176065
59,-58995037.7341592,29635076.774671257,-5305.688953275745,8574.259819911911,-4676.433495417748
60,-58989291.24794996,29630607.857533388,-5305.688953275823,8574.25981991182,-4676.433495417682
61,-58983292.60647996,29629058.95297078,-5305.688953275965,8574.259819912055,-4676.433495417644
62,-58977062.242112085,29624960.72353987,-5305.6889532760015,8574.2598199119,-4676.433495417539
63,-58970889.88529398,29620229.845833875,-5305.688953275802,8574.259819911867,-4676.4334954175565
64,-58965148.26332113,29615807.023760747,-5305.688953275919,8574.259819911964,-4676.4334954177675
65,-58959259.146892324,29615766.230824567,-5305.6889532758805,8574.259819911895,-4676.433495417532
66,-58953745.36310906,29628275.84919628,-5305.688953275857,8574.259819911937,-4676.433495417639
67,-58947848.67825572,29626258.417937707,-5305.68895327587,8574.259819911917,-4676.433495417615
68,-58942402.9075474,29624788.898409307,-5305.688953275701,8574.259819912058,-4676.4334954176165
69,-58936837.43428964,29627716.537220616,-5305.68895327585,8574.259819911973,-4676.433495417682
70,-58931685.263472766,29634843.99861791,-5305.688953276013,8574.25981991196,-4676.433495417658
71,-58926042.97592079,29649506.55728541,-5305.68895327586,8574.259819911855,-4676.433495417697
72,-58921052.566225305,29646355.455315575,-5305.688953275854,8574.259819912031,-4676.4334954176775
73,-58915812.98641271,29643365.449710023,-5305.688953275912,8574.259819911844,-4676.433495417586
74,-58910708.83554104,29639543.452011257,-5305.688953275908,8574.259819912018,-4676.433495417611
75,-58905943.349420965,29638224.354897086,-5305.688953275866,8574.259819911871,-4676.433495417592
76,-58901162.97206609,29639454.799607564,-5305.688953275839,8574.259819911787,-4676.433495417648
77,-58896311.69108796,29636888.198776834,-5305.688953275881,8574.259819911913,-4676.433495417569
78,-58891690.2757936,29633390.572819144,-5305.688953275868,8574.259819911884,-4676.433495417724
79,-58887205.06533546,29629174.12295719,-5305.688953275815,8574.2598199119,-4676.433495417549
80,-58882587.854901806,29627421.555289228,-5305.688953275902,8574.259819911822,-4676.4334954176
81,-58878674.097392015,29630130.638111573,-5305.688953275893,8574.259819912026,-4676.4334954176675
82,-58875008.781757124,29632829.9333773,-5305.688953275727,8574.25981991198,-4676.433495417728
83,-58871637.817318395,29638495.01776103,-5305.6889532759005,8574.259819911913,-4676.433495417592
84,-58868074.475392506,29652380.077114865,-5305.68895327597,8574.259819911884,-4676.433495417569
85,-58864903.34625995,29650596.185415186,-5305.688953275734,8574.259819912017,-4676.433495417641
86,-58861778.80253449,29649297.395946205,-5305.688953275738,8574.259819911875,-4676.433495417618
87,-58858808.9211842,29647516.083329637,-5305.688953275835,8574.259819911864,-4676.4334954175765
88,-58856348.399167866,29647753.566436324,-5305.68895327584,8574.259819911938,-4676.433495417674
89,-58853910.17755504,29652806.208855767,-5305.688953275855,8574.259819912013,-4676.433495417508
90,-58851897.69805108,29660638.958075166,-5305.688953275863,8574.259819911978,-4676.4334954175965
91,-58850014.850774564,29664031.490581684,-5305.688953275882,8574.259819912015,-4676.433495417554
92,-58848417.97916539,29668895.577475198,-5305.688953275892,8574.259819911993,-4676.433495417557
93,-58846846.07897862,29668290.410083953,-5305.688953275795,8574.25981991202,-4676.433495417597
94,-58845513.14447695,29667940.35804857,-5305.688953275891,8574.259819911833,-4676.433495417589
95,-58844534.822033174,29668311.269632667,-5305.6889532759515,8574.259819912004,-4676.433495417639
96,-58844137.85455612,29671950.02861724,-5305.688953275835,8574.259819912018,-4676.4334954175965
97,-58843678.12523877,29674061.379759893,-5305.688953275837,8574.259819912002,-4676.433495417491
98,-58843345.103852704,29674746.880033124,-5305.688953275929,8574.259819911931,-4676.4334954176575
99,-58843227.545350984,29675991.848737586,-5305.688953275861,8574.259819911927,-4676.433495417673
100,-58843392.236768655,29679213.875549044,-5305.688953275819,8574.259819911831,-4676.433495417611
101,-58843818.24702694,29689292.20952685,-5305.688953275937,8574.25981991189,-4676.433495417557
102,-58844357.44896421,29718826.652668145,-5305.6889532758305,8574.25981991183,-4676.433495417521
103,-58845093.35316067,29720445.920371756,-5305.688953275823,8574.259819911887,-4676.433495417653
104,-58846321.93830919,29972766.281102933,-5305.688953275895,8574.259819912031,-4676.433495417683
105,-58847099.30666938,30721767.79662724,-5305.688953275956,8574.259819911938,-4676.433495417653
106,-58847908.051398136,30723313.632567678,-5305.6889532758305,8574.259819912048,-4676.433495417664
107,-58849051.58296719,30724863.294282835,-5305.688953275914,8574.259819911738,-4676.433495417609
108,-58850396.327667445,30727842.483671445,-5305.68895327575,8574.259819911815,-4676.433495417639
109,-58852096.76979304,30730389.444478363,-5305.688953275879,8574.259819911955,-4676.43349541759
110,-58853802.421879455,30733030.18273638,-5305.688953275781,8574.25981991193,-4676.433495417599
111,-58855411.82258051,30736377.246722322,-5305.688953275883,8574.259819911937,-4676.433495417483
112,-58857357.0699754,30738257.691818826,-5305.688953275854,8574.259819912051,-4676.433495417567
113,-58859280.99765182,30741524.548448715,-5305.688953275826,8574.259819911898,-4676.433495417648
114,-58861341.526124544,30745057.730044305,-5305.68895327586,8574.259819911958,-4676.433495417682
115,-58863391.64621905,30766311.693830192,-5305.688953275915,8574.259819911902,-4676.4334954176675
116,-58865047.02706024,30835086.914701745,-5305.688953275826,8574.259819912017,-4676.4334954176675
117,-58866714.05507639,30837556.80597499,-5305.688953275957,8574.259819911877,-4676.4334954176275
118,-58868403.371759444,30843138.49811805,-5305.688953275891,8574.259819911853,-4676.433495417553
119,-58869619.69913973,30856054.810032096,-5305.688953275903,8574.259819912219,-4676.433495417587
120,-58871273.478400946,30858537.060559496,-5305.688953275919,8574.259819912024,-4676.433495417665
121,-58872808.210339814,30862066.846051738,-5305.688953275858,8574.259819911964,-4676.433495417634
122,-58874236.65579569,30866638.272879038,-5305.688953275849,8574.259819912144,-4676.433495417649
123,-58875699.65442156,30871928.527230687,-5305.688953275817,8574.259819911998,-4676.4334954175465
124,-58876921.05493557,30874224.24112859,-5305.6889532758805,8574.259819911898,-4676.433495417541
125,-58877997.06586471,30876900.148247574,-5305.6889532758305,8574.259819911907,-4676.433495417639
126,-58878693.42363989,30880705.5365978,-5305.688953275842,8574.25981991191,-4676.433495417606
127,-58879501.802657485,30885961.64510831,-5305.688953275859,8574.259819911975,-4676.433495417545
128,-58879712.5038188,30887817.0666354,-5305.6889532757805,8574.25981991193,-4676.433495417595
129,-58879941.94603532,30890245.83884516,-5305.68895327589,8574.259819911971,-4676.433495417629
130,-58880130.36824108,30892222.45884532,-5305.688953275862,8574.259819911998,-4676.4334954176575
131,-58880429.84798851,30895285.10918122,-5305.68895327589,8574.25981991201,-4676.433495417688
132,-58880578.76378149,30898921.49071442,-5305.68895327586,8574.259819912006,-4676.433495417647
133,-58880377.00547502,30899799.466252383,-5305.688953275852,8574.259819912091,-4676.43349541761
134,-58880067.03848564,30901836.162314527,-5305.688953275873,8574.259819912031,-4676.433495417581
135,-58879563.39775771,30904138.41204643,-5305.688953275841,8574.259819911802,-4676.433495417613
136,-58878903.88939406,30906239.256071154,-5305.688953275787,8574.259819911877,-4676.433495417566
137,-58877871.12552153,30905976.555060852,-5305.6889532758405,8574.25981991203,-4676.433495417619
138,-58876598.18056002,30906078.6269907,-5305.688953275821,8574.259819911926,-4676.433495417512
139,-58875171.71446496,30906435.101910662,-5305.688953275874,8574.259819912013,-4676.433495417565
140,-58873385.187237084,30906915.5411117,-5305.68895327579,8574.259819911927,-4676.433495417643
141,-58871739.082692,30905661.92475121,-5305.688953275831,8574.259819911947,-4676.433495417609
142,-58869886.88439365,30907087.472371828,-5305.68895327585,8574.259819911887,-4676.433495417588
143,-58867536.28065665,30915165.40042165,-5305.688953275834,8574.259819911937,-4676.433495417599
144,-58865096.47805736,30914606.36701045,-5305.688953275868,8574.259819912046,-4676.433495417592
145,-58862393.85570637,30914723.916059513,-5305.688953275811,8574.259819911911,-4676.4334954176
146,-58859856.55234717,30913298.104345154,-5305.6889532758105,8574.25981991201,-4676.433495417655
147,-58856828.80509909,30911798.258287895,-5305.688953275811,8574.259819912028,-4676.433495417644
148,-58853481.89991327,30910761.938983943,-5305.6889532758805,8574.259819912002,-4676.43349541758
149,-58850457.085182175,30908805.60447459,-5305.6889532759105,8574.25981991199,-4676.433495417594
150,-58847011.42514712,30907517.359229483,-5305.688953275834,8574.259819911926,-4676.43349541757
151,-58843720.589195736,30908071.663273145,-5305.6889532758205,8574.259819911882,-4676.433495417576
152,-58840091.12170006,30908201.630298924,-5305.688953275833,8574.259819911817,-4676.433495417675
153,-58836762.1283862,30906259.774967693,-5305.6889532758305,8574.259819912024,-4676.433495417587
154,-58833144.72343439,30904083.67041687,-5305.688953275829,8574.259819911898,-4676.433495417626
155,-58829504.62927093,30902278.213207655,-5305.688953275847,8574.259819911895,-4676.433495417589
156,-58826144.48909227,30900795.91107637,-5305.688953275837,8574.259819911918,-4676.433495417661
157,-58822384.111918814,30898799.007619657,-5305.688953275859,8574.259819911886,-4676.43349541755
158,-58818675.02303578,30896371.041470855,-5305.688953275849,8574.25981991209,-4676.43349541752
159,-58815081.485791095,30894165.927177474,-5305.688953275835,8574.259819912104,-4676.433495417571
160,-58811467.86252076,30891225.760200154,-5305.688953275835,8574.259819911817,-4676.433495417625
161,-58807725.82737632,30889202.99636343,-5305.688953275866,8574.25981991189,-4676.433495417666
162,-58804098.57220304,30888801.885091264,-5305.688953275911,8574.259819912193,-4676.433495417524
163,-58800264.82803505,30887218.15085637,-5305.68895327583,8574.259819911942,-4676.433495417669
164,-58795891.71822384,30888471.16541973,-5305.688953275815,8574.259819911847,-4676.433495417661
165,-58791519.97568217,30893176.15002891,-5305.688953275814,8574.259819911998,-4676.433495417478
166,-58787302.32729609,30890099.76855888,-5305.688953275827,8574.259819911897,-4676.433495417546
167,-58783147.8078351,30887362.98470019,-5305.688953275856,8574.259819911884,-4676.433495417547
168,-58778962.50400406,30883155.3130226,-5305.688953275873,8574.259819911962,-4676.433495417624
169,-58774496.144180976,30880810.203352448,-5305.6889532758005,8574.259819911882,-4676.433495417583
170,-58770157.31357861,30879281.07351853,-5305.688953275863,8574.259819912128,-4676.433495417669
171,-58765432.35290803,30876157.51015962,-5305.688953275847,8574.259819911847,-4676.433495417561
172,-58760973.4008576,30874055.219114363,-5305.688953275887,8574.259819911893,-4676.433495417572
173,-58756434.00293932,30877470.723043527,-5305.688953275903,8574.259819912044,-4676.433495417638
174,-58751836.65999464,30873967.833668564,-5305.688953275902,8574.259819911873,-4676.433495417644
175,-58746774.2084427,30869654.70412495,-5305.688953275838,8574.259819911835,-4676.433495417578
176,-58741570.77947576,30864786.89866547,-5305.688953275861,8574.25981991183,-4676.433495417551
177,-58736335.35266669,30868477.932488196,-5305.688953275889,8574.259819912077,-4676.433495417527
178,-58731208.77195256,30888288.629140347,-5305.688953275919,8574.259819912057,-4676.433495417578
179,-58726075.04861417,30887045.995857976,-5305.6889532758405,8574.259819911967,-4676.433495417485
180,-58720727.62412659,30894253.04537882,-5305.6889532758605,8574.259819911995,-4676.43349541755
181,-58714729.28596161,30903122.47519311,-5305.688953275743,8574.25981991204,-4676.433495417506
182,-58708978.25694391,30898433.39893915,-5305.688953275829,8574.259819912033,-4676.433495417499
183,-58702805.02215064,30893549.09884452,-5305.68895327582,8574.25981991202,-4676.433495417607
184,-58696792.40171394,30888607.711324025,-5305.688953275821,8574.259819911962,-4676.433495417546
185,-58690529.71462089,30883350.989394367,-5305.688953275824,8574.259819911831,-4676.433495417595
186,-58684201.489894524,30878813.036866155,-5305.688953275844,8574.259819911942,-4676.433495417614
187,-58678001.75077261,30875481.457841426,-5305.6889532758005,8574.259819912058,-4676.433495417498
188,-58671284.51232266,30870304.670268495,-5305.6889532758105,8574.259819911866,-4676.433495417493
189,-58664557.73632166,30865396.911952984,-5305.688953275851,8574.259819911953,-4676.433495417488
190,-58657742.04595519,30864431.16796073,-5305.6889532758205,8574.25981991193,-4676.433495417587
191,-58650724.31799957,30866418.908934884,-5305.688953275828,8574.259819911938,-4676.433495417628
192,-58644176.15179007,30859878.752740268,-5305.688953275895,8574.259819911937,-4676.433495417577
193,-58636955.78189338,30854367.13610338,-5305.688953275871,8574.259819911857,-4676.433495417608
194,-58630069.428482026,30848707.976701196,-5305.688953275835,8574.259819912018,-4676.433495417602
195,-58622808.39003249,30842686.474569816,-5305.688953275815,8574.259819911938,-4676.43349541762
196,-58615320.83056618,30837669.461720854,-5305.688953275887,8574.259819911902,-4676.433495417671
197,-58607870.51720311,30832261.624704152,-5305.688953275865,8574.25981991191,-4676.433495417698
198,-58600139.94701454,30827611.90627947,-5305.688953275767,8574.259819911831,-4676.43349541757
199,-58592316.1146163,30826305.73884279,-5305.688953275866,8574.259819912078,-4676.433495417504
200,-58584852.16867829,30823254.04995865,-5305.68895327585,8574.259819911904,-4676.433495417553
201,-58577070.336659074,30821272.82850252,-5305.688953275945,8574.259819911864,-4676.433495417446
202,-58569367.13629508,30819288.56165765,-5305.688953275917,8574.25981991194,-4676.433495417521
203,-58561604.76290539,30812859.432362847,-5305.688953275771,8574.25981991202,-4676.433495417659
204,-58553726.736758105,30807477.12523711,-5305.688953275792,8574.259819911991,-4676.433495417673
205,-58545789.8202317,30808786.266293947,-5305.68895327579,8574.259819911946,-4676.433495417566
206,-58537831.532922864,30809691.296704225,-5305.688953275826,8574.259819911951,-4676.433495417636
207,-58530253.12391975,30803334.3591819,-5305.688953275896,8574.259819911833,-4676.433495417596
208,-58522745.70496144,30798531.95098778,-5305.6889532758605,8574.259819912037,-4676.433495417605
209,-58514672.31007449,30795204.015151497,-5305.6889532758905,8574.259819911991,-4676.433495417502
210,-58506676.647812374,30788509.552837502,-5305.688953275888,8574.259819912044,-4676.433495417621
211,-58498788.35838826,30781620.094396763,-5305.6889532758705,8574.259819911971,-4676.43349541752
212,-58491045.521592245,30774843.060571928,-5305.688953275899,8574.259819911766,-4676.433495417643
213,-58483210.24507676,30768007.892826945,-5305.688953275927,8574.259819911947,-4676.433495417606
214,-58475342.06190004,30760963.697796945,-5305.6889532758505,8574.259819911933,-4676.433495417635
215,-58467270.746566825,30754217.851380765,-5305.688953275847,8574.259819911858,-4676.433495417666
216,-58459469.73724968,30748099.7744455,-5305.688953275854,8574.259819911964,-4676.4334954176975
217,-58451703.78509429,30742085.404493637,-5305.688953275884,8574.259819911891,-4676.433495417633
218,-58444163.0175191,30736751.71777921,-5305.6889532758805,8574.259819911842,-4676.433495417611
219,-58436462.135974236,30729907.166709382,-5305.688953275819,8574.259819911902,-4676.433495417614
220,-58428909.59757595,30724869.50706521,-5305.688953275759,8574.259819911862,-4676.433495417508
221,-58421715.190605365,30719566.07952971,-5305.688953275887,8574.259819911955,-4676.433495417599
222,-58414341.59258957,30714675.18617877,-5305.6889532757905,8574.259819911917,-4676.433495417644
223,-58407308.73112031,30717420.706594814,-5305.688953275864,8574.259819911947,-4676.433495417709
224,-58400065.1721283,30728798.00156684,-5305.6889532757805,8574.259819912086,-4676.433495417739
225,-58393215.94740026,30724318.800190315,-5305.6889532758605,8574.259819911957,-4676.433495417751
226,-58386477.81330098,30737959.299462423,-5305.68895327582,8574.259819911964,-4676.433495417713
227,-58379613.629337616,30784091.420090415,-5305.688953275806,8574.25981991176,-4676.433495417634
228,-58372665.35519978,30780363.30213423,-5305.688953275898,8574.259819911966,-4676.433495417513
229,-58365746.22799805,30775597.949139286,-5305.688953275807,8574.259819911835,-4676.433495417653
230,-58359244.10594018,30769490.398342025,-5305.688953275922,8574.259819911991,-4676.43349541763
231,-58353007.295698024,30769036.885242265,-5305.6889532758105,8574.259819911946,-4676.433495417663
232,-58346152.13704827,30775338.61451038,-5305.688953275778,8574.259819911826,-4676.433495417656
233,-58339825.09707752,30770628.490712743,-5305.688953275835,8574.259819911884,-4676.433495417529
234,-58333366.618481174,30767022.968942277,-5305.688953275953,8574.259819912004,-4676.433495417661
235,-58327262.21915652,30771941.65872892,-5305.68895327579,8574.259819911922,-4676.433495417621
236,-58321186.20665421,30766625.88601593,-5305.688953275893,8574.259819911855,-4676.433495417485
237,-58315216.85897564,30762282.44113611,-5305.688953275866,8574.259819911924,-4676.43349541762
238,-58309182.35998717,30758944.69087726,-5305.688953275806,8574.259819911778,-4676.433495417587
239,-58303448.49735232,30754311.038401745,-5305.688953275766,8574.259819912033,-4676.433495417587
240,-58297664.34419433,30749570.49632233,-5305.688953275865,8574.259819911938,-4676.43349541758
241,-58291918.59128953,30749583.694844462,-5305.688953275831,8574.259819912124,-4676.433495417541
242,-58286112.860618025,30754421.483386084,-5305.688953275833,8574.259819911846,-4676.433495417683
243,-58280593.56375125,30750289.930244874,-5305.688953275872,8574.25981991197,-4676.43349541755
244,-58274913.32286728,30746145.352933325,-5305.688953275827,8574.259819911895,-4676.433495417668
245,-58269245.76048829,30743324.947381914,-5305.688953275867,8574.259819912033,-4676.433495417582
246,-58263796.30301969,30742713.6540876,-5305.688953275802,8574.25981991196,-4676.433495417641
247,-58258572.4421545,30738031.671220217,-5305.688953275812,8574.259819911895,-4676.433495417685
248,-58253211.4515161,30733463.257044442,-5305.688953275881,8574.259819911933,-4676.433495417591
249,-58247675.13236064,30730821.23700945,-5305.688953275876,8574.259819911831,-4676.433495417593
250,-58242613.660733104,30746406.597070843,-5305.688953275825,8574.259819911931,-4676.433495417579
251,-58237057.67784381,30786905.884660173,-5305.6889532758105,8574.259819912128,-4676.433495417623
252,-58231738.17969811,30782468.051713586,-5305.688953275883,8574.259819912042,-4676.433495417632
253,-58226265.61737098,30777706.820055906,-5305.688953275864,8574.259819912017,-4676.433495417663
254,-58220931.39467453,30774140.1915251,-5305.688953275836,8574.2598199119,-4676.43349541754
255,-58215913.73249241,30769649.794024315,-5305.68895327586,8574.259819911957,-4676.433495417652
256,-58210689.109380096,30765294.825201552,-5305.68895327582,8574.25981991201,-4676.433495417561
257,-58205506.26283276,30761150.022529613,-5305.688953275845,8574.259819911857,-4676.433495417597
258,-58199934.41640898,30757173.89771325,-5305.688953275865,8574.259819911893,-4676.433495417641
259,-58194650.11393004,30754459.09806373,-5305.688953275811,8574.259819912075,-4676.433495417603
260,-58189703.14369071,30750753.757757105,-5305.688953275815,8574.25981991192,-4676.433495417571
261,-58184380.039034925,30747454.11529001,-5305.688953275829,8574.259819911911,-4676.433495417676
262,-58179548.24542389,30744623.250052698,-5305.688953275808,8574.25981991193,-4676.433495417648
263,-58174623.5612976,30742803.40839752,-5305.688953275887,8574.25981991198,-4676.433495417616
264,-58169864.712874606,30740287.933811545,-5305.688953275811,8574.259819911884,-4676.433495417576
265,-58164782.36474761,30736583.771810643,-5305.688953275875,8574.259819911951,-4676.43349541766
266,-58160131.94630202,30732348.89926349,-5305.688953275802,8574.259819911935,-4676.4334954175965
267,-58155696.33917026,30728367.675283562,-5305.688953275852,8574.259819911887,-4676.4334954175965
268,-58151414.73950032,30725209.688273042,-5305.688953275885,8574.259819911944,-4676.433495417567
269,-58147253.345773906,30723724.60086415,-5305.688953275901,8574.259819912086,-4676.433495417572
270,-58143130.05888993,30722000.038208727,-5305.688953275794,8574.259819911735,-4676.433495417596
271,-58139373.08079261,30719767.58996851,-5305.688953275848,8574.259819912102,-4676.433495417669
272,-58136056.16135544,30725306.233422685,-5305.688953275839,8574.259819911898,-4676.43349541761
273,-58132482.31164758,30746153.12576516,-5305.688953275844,8574.259819911967,-4676.43349541759
274,-58129427.16258822,30744472.138615537,-5305.688953275855,8574.259819911882,-4676.433495417615
275,-58126266.332280524,30744332.86530128,-5305.688953275854,8574.259819911871,-4676.433495417588
276,-58123383.702399306,30744240.419569694,-5305.688953275803,8574.259819912046,-4676.433495417608
277,-58120703.433014385,30744490.823254444,-5305.688953275845,8574.259819911835,-4676.433495417602
278,-58118463.64368259,30744453.54451778,-5305.688953275819,8574.259819911918,-4676.43349541762
279,-58116442.7767014,30747250.734588433,-5305.688953275892,8574.259819912068,-4676.433495417613
280,-58114697.82525388,30759814.80755533,-5305.688953275868,8574.259819912051,-4676.433495417606
281,-58112842.228489056,30767954.63662053,-5305.688953275798,8574.259819912113,-4676.433495417641
282,-58111563.40294068,30787097.833532117,-5305.688953275832,8574.259819911924,-4676.433495417633
283,-58110418.59006254,30803769.44481849,-5305.688953275878,8574.259819911997,-4676.433495417592
284,-58109643.5622037,30803333.78212603,-5305.688953275794,8574.259819911831,-4676.433495417602
285,-58109178.10616591,30997196.06071312,-5305.688953275846,8574.259819912022,-4676.433495417611
286,-58107575.515889026,31590222.95000844,-5305.688953275866,8574.25981991203,-4676.433495417616
287,-58105924.12311053,31591694.74212722,-5305.688953275812,8574.259819911915,-4676.433495417595
288,-58104840.671575464,31592109.528366745,-5305.688953275887,8574.259819911966,-4676.433495417584
289,-58104141.34820073,31592440.78384307,-5305.688953275796,8574.259819912026,-4676.433495417565
290,-58103480.30810819,31594088.639310367,-5305.68895327581,8574.259819911882,-4676.433495417643
291,-58103110.024826385,31598746.136853695,-5305.688953275865,8574.259819911967,-4676.433495417576
292,-58102590.22244972,31605733.603344027,-5305.688953275832,8574.259819911986,-4676.433495417604
293,-58102321.30619946,31611715.228942078,-5305.688953275839,8574.259819911817,-4676.4334954176065
294,-58102186.917694755,31613825.264355708,-5305.688953275923,8574.259819911935,-4676.4334954175565
295,-58101754.678385295,31619511.88339394,-5305.68895327588,8574.259819911986,-4676.433495417628
296,-58101138.06127579,31627710.586574737,-5305.688953275873,8574.259819911851,-4676.4334954176065
297,-58100451.91863058,31628031.342683084,-5305.688953275849,8574.259819911962,-4676.433495417656
298,-58099811.876167424,31630529.95150779,-5305.688953275875,8574.259819911918,-4676.433495417647
299,-58098803.38266319,31634210.232749775,-5305.688953275851,8574.259819911966,-4676.433495417608
300,-58098108.42528287,31634256.98481028,-5305.688953275791,8574.259819912162,-4676.433495417551
301,-58097034.68777581,31635863.269192465,-5305.688953275797,8574.259819911933,-4676.433495417592
302,-58096097.073250785,31637071.592773106,-5305.688953275814,8574.259819911875,-4676.433495417626
303,-58094891.821470015,31637758.008927874,-5305.6889532758305,8574.259819911924,-4676.43349541752
304,-58093427.40515858,31640415.626375563,-5305.688953275856,8574.259819912022,-4676.433495417613
305,-58091939.76711583,31640444.12635086,-5305.688953275839,8574.25981991197,-4676.433495417601
306,-58090233.163985796,31640506.07621248,-5305.688953275872,8574.259819911882,-4676.433495417585
307,-58088412.42987864,31639924.714939907,-5305.688953275771,8574.259819911904,-4676.433495417623
308,-58086174.03899538,31642329.796011224,-5305.688953275833,8574.259819912033,-4676.433495417549
309,-58084061.41204075,31648687.618011773,-5305.688953275826,8574.259819912006,-4676.433495417598
310,-58081984.76318314,31649215.490758006,-5305.68895327578,8574.259819912008,-4676.433495417645
311,-58079769.56719332,31648295.36581778,-5305.688953275842,8574.259819911964,-4676.433495417649
312,-58077524.2393565,31648638.416191477,-5305.688953275872,8574.25981991193,-4676.433495417593
313,-58075460.49637091,31650030.16235158,-5305.688953275819,8574.259819911907,-4676.433495417575
314,-58073570.1791841,31659913.059555415,-5305.6889532758605,8574.259819911893,-4676.433495417633
315,-58071204.46896364,31694522.98440077,-5305.68895327577,8574.259819911933,-4676.433495417573
316,-58069088.604777105,31693127.861492395,-5305.688953275805,8574.259819912037,-4676.433495417544
317,-58066540.76250109,31691416.0420159,-5305.688953275844,8574.259819911877,-4676.433495417577
318,-58064342.43799215,31691796.102333266,-5305.688953275809,8574.259819911967,-4676.433495417622
319,-58062263.41144032,31693076.798878446,-5305.688953275883,8574.25981991194,-4676.4334954176165
320,-58060185.28464789,31692515.578445837,-5305.688953275839,8574.259819911986,-4676.433495417515
321,-58058223.67079623,31692047.72929323,-5305.688953275824,8574.259819911871,-4676.433495417623
322,-58056386.792243205,31692775.53685476,-5305.688953275848,8574.259819912064,-4676.433495417623
323,-58054760.690297656,31694200.993315876,-5305.688953275868,8574.259819911913,-4676.433495417632
324,-58053234.52463144,31694146.25968592,-5305.688953275827,8574.259819911942,-4676.433495417612
325,-58051768.18978888,31693606.04124506,-5305.688953275841,8574.259819911997,-4676.433495417642
326,-58050405.34368167,31693432.64581627,-5305.688953275818,8574.259819911937,-4676.433495417685
327,-58048966.363831565,31692213.938525647,-5305.68895327585,8574.259819911958,-4676.433495417629
328,-58047601.07102317,31712072.35487409,-5305.688953275894,8574.25981991202,-4676.433495417652
329,-58046143.8955466,31768792.66653,-5305.688953275793,8574.25981991195,-4676.433495417592
330,-58044493.52251152,31767393.504218813,-5305.688953275886,8574.259819911882,-4676.433495417629
331,-58043024.18393735,31779227.61926929,-5305.68895327593,8574.259819912046,-4676.433495417574
332,-58041176.95699181,31821264.18656008,-5305.688953275821,8574.259819911897,-4676.433495417583
333,-58039124.09643175,31820481.789575934,-5305.688953275839,8574.25981991192,-4676.43349541758
334,-58036707.21113591,31818437.49340407,-5305.68895327582,8574.259819911918,-4676.433495417581
335,-58034013.55415548,31817088.694023382,-5305.688953275904,8574.259819911884,-4676.433495417634
336,-58031652.88853332,31816612.86862642,-5305.688953275801,8574.259819911946,-4676.433495417558
337,-58029157.45730331,31835717.16202917,-5305.68895327591,8574.259819911993,-4676.433495417607
338,-58026006.18052426,31890998.626396436,-5305.688953275854,8574.259819911911,-4676.433495417627
339,-58023437.51453155,31904099.15506422,-5305.688953275817,8574.259819912108,-4676.433495417629
340,-58019842.57775134,31935755.786758702,-5305.688953275854,8574.259819912006,-4676.43349541754
341,-58016640.83428371,31934247.271027584,-5305.68895327583,8574.259819912022,-4676.433495417571
342,-58013075.99660568,31934127.4921494,-5305.688953275839,8574.259819911995,-4676.4334954176
343,-58009155.858096644,31931574.19838308,-5305.688953275848,8574.259819911867,-4676.433495417573
344,-58005155.04110124,31929439.646550663,-5305.688953275833,8574.259819911918,-4676.433495417669
345,-58001310.51639607,31927096.87148047,-5305.68895327583,8574.25981991202,-4676.433495417574
346,-57997294.088636845,31924200.182769332,-5305.688953275832,8574.259819911937,-4676.433495417621
347,-57992988.79925689,31920698.011203133,-5305.68895327586,8574.25981991194,-4676.433495417595
348,-57988620.953579284,31922042.362033203,-5305.688953275863,8574.259819911846,-4676.433495417566
349,-57984295.942551896,31930711.02174711,-5305.688953275836,8574.25981991192,-4676.4334954175665
350,-57979927.993978105,31927831.589121565,-5305.68895327584,8574.259819912102,-4676.43349541758
351,-57975259.171457045,31923878.4496939,-5305.688953275892,8574.25981991196,-4676.433495417575
352,-57970757.6943815,31919682.347058136,-5305.688953275871,8574.25981991207,-4676.433495417577
353,-57965994.68092976,31915870.28763785,-5305.688953275823,8574.25981991183,-4676.433495417608
354,-57961354.721338555,32138011.19968938,-5305.688953275834,8574.259819912111,-4676.433495417681
355,-57955485.32267258,32837718.383696795,-5305.688953275876,8574.259819912024,-4676.433495417627
356,-57949770.933736145,32832992.337308552,-5305.688953275876,8574.259819911893,-4676.433495417603
357,-57944123.96649167,32829999.0018627,-5305.688953275863,8574.259819911993,-4676.4334954176065
358,-57938619.452449985,32838390.4388021,-5305.68895327591,8574.259819911962,-4676.433495417635
359,-57933163.15341367,32836615.4999653,-5305.688953275785,8574.259819911973,-4676.433495417585
360,-57928178.07865813,32833535.31053836,-5305.688953275845,8574.259819911927,-4676.433495417621
361,-57923217.44173212,32830466.492145743,-5305.688953275829,8574.259819911907,-4676.433495417632
362,-57917947.70032698,32826802.797157492,-5305.6889532758605,8574.259819911991,-4676.433495417666
363,-57912597.595266856,32822257.453946978,-5305.688953275822,8574.259819911831,-4676.433495417541
364,-57907136.21043436,32817843.745713703,-5305.6889532758605,8574.259819912028,-4676.433495417563
365,-57902460.136008926,32813385.215518612,-5305.688953275808,8574.259819911958,-4676.433495417621
366,-57897101.87623132,32810768.983013246,-5305.688953275797,8574.259819911897,-4676.433495417689
367,-57891866.010324016,32806878.074242722,-5305.688953275893,8574.259819911951,-4676.433495417595
368,-57886645.25378522,32803103.549857665,-5305.688953275929,8574.259819911944,-4676.433495417628
369,-57881550.14504276,32801100.71019733,-5305.68895327588,8574.25981991195,-4676.43349541759
370,-57876378.48438535,32799183.03581526,-5305.688953275861,8574.259819911966,-4676.433495417625
371,-57871237.023175366,32799157.147439446,-5305.688953275849,8574.259819912133,-4676.433495417586
372,-57865827.887555934,32797252.823828384,-5305.688953275852,8574.259819911867,-4676.433495417594
373,-57860791.03578988,32793506.180933446,-5305.688953275837,8574.259819911897,-4676.433495417675
374,-57855476.87016538,32790582.669138566,-5305.688953275869,8574.259819911917,-4676.433495417617
375,-57850353.2318293,32797754.743620124,-5305.688953275906,8574.259819912048,-4676.433495417606
376,-57844976.90274529,32827402.905715697,-5305.6889532759,8574.259819911817,-4676.433495417569
377,-57839268.93444351,32822849.735799383,-5305.688953275808,8574.259819911957,-4676.433495417611
378,-57833805.489109784,32818105.44790854,-5305.688953275857,8574.259819911966,-4676.433495417537
379,-57828195.28808459,32814130.28694835,-5305.688953275813,8574.259819911933,-4676.4334954176275
380,-57822613.36115058,32809438.388299678,-5305.688953275829,8574.259819911975,-4676.433495417611
381,-57817133.38619093,32804243.86863315,-5305.688953275857,8574.259819912026,-4676.433495417651
382,-57811445.24834542,32799080.069181867,-5305.688953275813,8574.259819911857,-4676.433495417584
383,-57805916.123460606,32794845.424945842,-5305.688953275798,8574.25981991193,-4676.43349541758
384,-57800556.53200449,32791778.167473838,-5305.688953275816,8574.259819911886,-4676.433495417629
385,-57794582.477103636,32789794.466123797,-5305.68895327585,8574.25981991182,-4676.433495417634
386,-57788951.22009171,32785214.158143792,-5305.688953275808,8574.259819911926,-4676.433495417578
387,-57782913.618710965,32781459.59858668,-5305.688953275834,8574.259819911835,-4676.433495417618
388,-57776821.232757784,32778648.141080108,-5305.688953275848,8574.259819911975,-4676.433495417557
389,-57770424.77022636,32772969.77887269,-5305.688953275878,8574.25981991204,-4676.43349541757
390,-57764404.055010386,32768330.823956016,-5305.688953275903,8574.259819911922,-4676.433495417639
391,-57758453.47813352,32762591.425325207,-5305.688953275871,8574.259819911933,-4676.433495417623
392,-57752264.95403674,32757370.590790518,-5305.688953275771,8574.259819911886,-4676.433495417615
393,-57745881.380376115,32754272.376103055,-5305.688953275847,8574.259819912022,-4676.433495417578
394,-57739458.26984173,32749326.93287758,-5305.688953275859,8574.259819911975,-4676.433495417677
395,-57733229.84816563,32743984.49901301,-5305.688953275842,8574.259819911913,-4676.433495417646
396,-57726927.20450877,32741618.910298396,-5305.688953275815,8574.259819912077,-4676.433495417602
397,-57720904.509620465,32739251.86687027,-5305.688953275887,8574.25981991201,-4676.433495417595
398,-57714852.4131648,32733971.86421629,-5305.6889532758805,8574.259819911966,-4676.433495417624
399,-57708665.15959688,32729831.37456588,-5305.688953275853,8574.259819911955,-4676.433495417571
400,-57702505.944301,32726718.634400226,-5305.688953275847,8574.259819911853,-4676.433495417568
